{"cameraMode":{"drawMode":0,"name":"Shaded","section":"Shading Mode"},"sceneLighting":false,"audioPlay":false,"sceneViewState":{"m_AlwaysRefresh":false,"showFog":true,"showSkybox":false,"showFlares":true,"showImageEffects":true,"showParticleSystems":true,"showVisualEffectGraphs":true,"m_FxEnabled":true},"in2DMode":false,"pivot":{"x":53.755043029785159,"y":22.54979133605957,"z":15.844907760620118},"rotation":{"x":0.06941718608140946,"y":-0.8986373543739319,"z":0.1540815830230713,"w":0.40485990047454836},"size":28.349674224853517,"orthographic":false}